{
  "display": {
    "background": "minecraft:textures/block/stone.png",
    "icon": {
      "item": "pbgaddonextras:slowpoketail"
    },
    "title": {
      "translate": "advancements.gettingslowpoketail.title"
    },
    "description": {
      "translate": "advancements.gettingslowpoketail.descr"
    },
    "frame": "task",
    "show_toast": true,
    "announce_to_chat": true,
    "hidden": false
  },
  "criteria": {
    "gettingslowpoketail": {
      "trigger": "minecraft:inventory_changed",
      "conditions": {
        "items": [
          {
            "items": [
              "pbgaddonextras:slowpoketail"
            ],
            "count": {
              "min": 1,
              "max": 1
            }
          }
        ]
      }
    }
  }
}