{
  "display": {
    "icon": {
      "item": "pbgaddonextras:deadbodyicecream"
    },
    "title": {
      "translate": "advancements.touchmeicecream.title"
    },
    "description": {
      "translate": "advancements.touchmeicecream.descr"
    },
    "frame": "challenge",
    "show_toast": true,
    "announce_to_chat": true,
    "hidden": false
  },
  "criteria": {
    "touchmeicecream": {
      "trigger": "minecraft:inventory_changed",
      "conditions": {
        "items": [
          {
            "items": [
              "pbgaddonextras:deadbodyicecream"
            ],
            "count": {
              "min": 1,
              "max": 1
            }
          }
        ]
      }
    }
  },
  "rewards": {
    "experience": 3
  },
  "parent": "minecraft:nether/netherite_armor"
}