{
  "gen1": {
    "category": "music",
    "sounds": [
      {
        "name": "pbgaddonextras:gen1",
        "stream": true
      }
    ]
  },
  "gen1rem": {
    "category": "music",
    "sounds": [
      {
        "name": "pbgaddonextras:gen1_rem",
        "stream": true
      }
    ]
  },
  "gen2": {
    "category": "neutral",
    "sounds": [
      {
        "name": "pbgaddonextras:gen2",
        "stream": false
      }
    ]
  },
  "gen2rem": {
    "category": "music",
    "sounds": [
      {
        "name": "pbgaddonextras:pokemon_heartgold__soulsilver_-_johto_trainer_battle_music_hq",
        "stream": true
      }
    ]
  },
  "gen3": {
    "category": "music",
    "sounds": [
      {
        "name": "pbgaddonextras:gen3",
        "stream": true
      }
    ]
  },
  "gen3rem": {
    "category": "music",
    "sounds": [
      {
        "name": "pbgaddonextras:gen3-rem",
        "stream": true
      }
    ]
  },
  "gen4": {
    "category": "music",
    "sounds": [
      {
        "name": "pbgaddonextras:gen4",
        "stream": true
      }
    ]
  },
  "gen4rem": {
    "category": "music",
    "sounds": [
      {
        "name": "pbgaddonextras:gen4-rem",
        "stream": true
      }
    ]
  },
  "gen5": {
    "category": "music",
    "sounds": [
      {
        "name": "pbgaddonextras:gen5",
        "stream": true
      }
    ]
  },
  "gen5lowhealth": {
    "category": "music",
    "sounds": [
      {
        "name": "pbgaddonextras:gen5-low-health",
        "stream": true
      }
    ]
  },
  "gen6": {
    "category": "music",
    "sounds": [
      {
        "name": "pbgaddonextras:gen6",
        "stream": true
      }
    ]
  },
  "gen7": {
    "category": "music",
    "sounds": [
      {
        "name": "pbgaddonextras:gen7",
        "stream": true
      }
    ]
  },
  "gen8": {
    "category": "music",
    "sounds": [
      {
        "name": "pbgaddonextras:gne8",
        "stream": true
      }
    ]
  },
  "gen9": {
    "category": "music",
    "sounds": [
      {
        "name": "pbgaddonextras:gen9",
        "stream": true
      }
    ]
  },
  "gen10": {
    "category": "music",
    "sounds": [
      {
        "name": "pbgaddonextras:gen_10",
        "stream": true
      }
    ]
  }
}